item_id,item_name
1,blink
2,blades_of_attack
3,broadsword
4,chainmail
5,claymore
6,helm_of_iron_will
7,javelin
8,mithril_hammer
9,platemail
10,quarterstaff
11,quelling_blade
12,ring_of_protection
13,gauntlets
14,slippers
15,mantle
16,branches
17,belt_of_strength
18,boots_of_elves
19,robe
20,circlet
21,ogre_axe
22,blade_of_alacrity
23,staff_of_wizardry
24,ultimate_orb
25,gloves
26,lifesteal
27,ring_of_regen
28,sobi_mask
29,boots
30,gem
31,cloak
32,talisman_of_evasion
33,cheese
34,magic_stick
36,magic_wand
37,ghost
38,clarity
39,flask
40,dust
41,bottle
42,ward_observer
43,ward_sentry
44,tango
45,courier
46,tpscroll
48,travel_boots
50,phase_boots
51,demon_edge
52,eagle
53,reaver
54,relic
55,hyperstone
56,ring_of_health
57,void_stone
58,mystic_staff
59,energy_booster
60,point_booster
61,vitality_booster
63,power_treads
65,hand_of_midas
67,oblivion_staff
69,pers
71,poor_mans_shield
73,bracer
75,wraith_band
77,null_talisman
79,mekansm
81,vladmir
84,flying_courier
86,buckler
88,ring_of_basilius
90,pipe
92,urn_of_shadows
94,headdress
96,sheepstick
98,orchid
100,cyclone
102,force_staff
104,dagon
106,necronomicon
108,ultimate_scepter
110,refresher
112,assault
114,heart
116,black_king_bar
117,aegis
119,shivas_guard
121,bloodstone
123,sphere
125,vanguard
127,blade_mail
129,soul_booster
131,hood_of_defiance
133,rapier
135,monkey_king_bar
137,radiance
139,butterfly
141,greater_crit
143,basher
145,bfury
147,manta
149,lesser_crit
151,armlet
152,invis_sword
154,sange_and_yasha
156,satanic
158,mjollnir
160,skadi
162,sange
164,helm_of_the_dominator
166,maelstrom
168,desolator
170,yasha
172,mask_of_madness
174,diffusal_blade
176,ethereal_blade
178,soul_ring
180,arcane_boots
181,orb_of_venom
182,stout_shield
185,ancient_janggo
187,medallion_of_courage
188,smoke_of_deceit
190,veil_of_discord
193,necronomicon_2
194,necronomicon_3
196,diffusal_blade_2
201,dagon_2
202,dagon_3
203,dagon_4
204,dagon_5
206,rod_of_atos
208,abyssal_blade
210,heavens_halberd
212,ring_of_aquila
214,tranquil_boots
215,shadow_amulet
216,enchanted_mango
218,ward_dispenser
220,travel_boots_2
226,lotus_orb
229,solar_crest
231,guardian_greaves
232,aether_lens
235,octarine_core
236,dragon_lance
237,faerie_fire
239,iron_talon
240,blight_stone
241,tango_single
242,crimson_guard
244,wind_lace
247,moon_shard
249,silver_edge
250,bloodthorn
252,echo_sabre
254,glimmer_cape
257,tome_of_knowledge
263,hurricane_pike
264,banana
265,infused_raindrop
1000,halloween_candy_corn
1001,mystery_hook
1002,mystery_arrow
1003,mystery_missile
1004,mystery_toss
1005,mystery_vacuum
1006,halloween_rapier
1007,greevil_whistle
1008,greevil_whistle_toggle
1009,present
1010,winter_stocking
1011,winter_skates
1012,winter_cake
1013,winter_cookie
1014,winter_coco
1015,winter_ham
1016,winter_kringle
1017,winter_mushroom
1018,winter_greevil_treat
1019,winter_greevil_garbage
1020,winter_greevil_chewy
1021,river_painter
1022,river_painter2
1023,river_painter3
1024,river_painter4
1025,river_painter5
1026,river_painter6
1027,river_painter7
